id_author_1,id_author_2,CommonNeighbor,AdamicAdar,JaccardCoefficient,PreferentialAttachment,ResourceAllocation,ShortestPath,CommonCountry
1827182,1842281,0,1.4426950408889634,0.3333333333333333,4,0.5,1.0,0
1827182,1843301,1,1.4426950408889634,0.3333333333333333,4,0.5,1.0,1
1827290,1827496,3,1.8204784532536746,0.5,9,0.6666666666666666,1.0,3
1827290,1842046,4,1.8204784532536746,0.5,9,0.6666666666666666,1.0,4
1827290,1842060,3,1.8204784532536746,0.5,9,0.6666666666666666,1.0,3
1827326,1827625,3,1.8204784532536746,0.5,9,0.6666666666666666,1.0,3
1827326,1841064,3,1.8204784532536746,0.5,9,0.6666666666666666,1.0,3
1827326,1842769,3,1.8204784532536746,0.5,9,0.6666666666666666,1.0,3
1827379,1827578,0,3.083390054218504,0.75,49,0.857142857142857,1.0,0
1827379,1827676,0,3.083390054218504,0.75,49,0.857142857142857,1.0,0
1827379,1827681,0,3.083390054218504,0.75,49,0.857142857142857,1.0,0
1827379,1841945,0,3.083390054218504,0.75,49,0.857142857142857,1.0,0
1827379,1841954,0,3.083390054218504,0.75,49,0.857142857142857,1.0,0
1827379,1841957,0,3.083390054218504,0.75,49,0.857142857142857,1.0,0
1827379,1841964,1,3.083390054218504,0.75,49,0.857142857142857,1.0,1
1827480,1831505,4,1.8204784532536746,0.3333333333333333,15,0.6666666666666666,1.0,4
1827480,1840928,3,1.531574161186449,0.5,9,0.5333333333333333,1.0,3
1827480,1841950,3,1.531574161186449,0.5,9,0.5333333333333333,1.0,3
1827480,1841968,2,0.6213349345596119,0.25,6,0.2,0.5,2
1827480,1843097,4,0.6213349345596119,0.25,6,0.2,0.5,4
1827481,1835719,0,1.4426950408889634,0.3333333333333333,4,0.5,1.0,0
1827481,1840910,1,1.4426950408889634,0.3333333333333333,4,0.5,1.0,1
1827484,1842001,0,1.8204784532536746,0.5,9,0.6666666666666666,1.0,0
1827484,1842009,2,1.8204784532536746,0.5,9,0.6666666666666666,1.0,2
1827484,1868769,2,1.8204784532536746,0.5,9,0.6666666666666666,1.0,2
1827486,1834981,4,2.164042561333445,0.6,16,0.75,1.0,4
1827486,1841013,0,2.164042561333445,0.6,16,0.75,1.0,0
1827486,1841017,4,2.164042561333445,0.6,16,0.75,1.0,4
1827486,1842020,0,2.164042561333445,0.6,16,0.75,1.0,0
1827496,1842046,3,1.8204784532536746,0.5,9,0.6666666666666666,1.0,3
1827496,1842060,3,1.8204784532536746,0.5,9,0.6666666666666666,1.0,3
1827511,1833601,0,1.8204784532536746,0.5,9,0.6666666666666666,1.0,0
1827511,1834898,1,1.8204784532536746,0.5,9,0.6666666666666666,1.0,1
1827511,1841062,0,1.8204784532536746,0.5,9,0.6666666666666666,1.0,0
1827523,1830426,3,1.8204784532536746,0.5,9,0.6666666666666666,1.0,3
1827523,1832362,3,1.8204784532536746,0.5,9,0.6666666666666666,1.0,3
1827523,1837864,3,1.8204784532536746,0.5,9,0.6666666666666666,1.0,3
1827527,1827636,0,2.7905531327562363,0.7142857142857143,36,0.8333333333333333,1.0,0
1827527,1827641,0,2.7905531327562363,0.7142857142857143,36,0.8333333333333333,1.0,0
1827527,1834748,0,2.7905531327562363,0.7142857142857143,36,0.8333333333333333,1.0,0
1827527,1834754,2,2.7905531327562363,0.7142857142857143,36,0.8333333333333333,1.0,2
1827527,1841731,0,2.7905531327562363,0.7142857142857143,36,0.8333333333333333,1.0,0
1827527,1841843,0,2.7905531327562363,0.7142857142857143,36,0.8333333333333333,1.0,0
1827535,1841225,5,2.164042561333445,0.6,16,0.75,1.0,5
1827535,1841248,5,2.164042561333445,0.6,16,0.75,1.0,5
1827535,1841305,0,2.164042561333445,0.6,16,0.75,1.0,0
1827535,1842257,3,2.164042561333445,0.6,16,0.75,1.0,3
1827570,1827571,7,3.366288428740915,0.7777777777777778,64,0.875,1.0,7
1827570,1827573,0,3.366288428740915,0.7777777777777778,64,0.875,1.0,0
1827570,1841417,7,3.366288428740915,0.7777777777777778,64,0.875,1.0,7
1827570,1841768,7,3.366288428740915,0.7777777777777778,64,0.875,1.0,7
1827570,1842402,7,3.366288428740915,0.7777777777777778,64,0.875,1.0,7
1827570,1842428,7,3.366288428740915,0.7777777777777778,64,0.875,1.0,7
1827570,1842436,7,3.366288428740915,0.7777777777777778,64,0.875,1.0,7
1827570,1842482,7,3.366288428740915,0.7777777777777778,64,0.875,1.0,7
1827571,1827573,0,3.366288428740915,0.7777777777777778,64,0.875,1.0,0
1827571,1841417,10,3.366288428740915,0.7777777777777778,64,0.875,1.0,10
1827571,1841768,7,3.366288428740915,0.7777777777777778,64,0.875,1.0,7
1827571,1842402,10,3.366288428740915,0.7777777777777778,64,0.875,1.0,10
1827571,1842428,7,3.366288428740915,0.7777777777777778,64,0.875,1.0,7
1827571,1842436,7,3.366288428740915,0.7777777777777778,64,0.875,1.0,7
1827571,1842482,10,3.366288428740915,0.7777777777777778,64,0.875,1.0,10
1827573,1841417,0,3.366288428740915,0.7777777777777778,64,0.875,1.0,0
1827573,1841768,0,3.366288428740915,0.7777777777777778,64,0.875,1.0,0
1827573,1842402,0,3.366288428740915,0.7777777777777778,64,0.875,1.0,0
1827573,1842428,0,3.366288428740915,0.7777777777777778,64,0.875,1.0,0
1827573,1842436,0,3.366288428740915,0.7777777777777778,64,0.875,1.0,0
1827573,1842482,0,3.366288428740915,0.7777777777777778,64,0.875,1.0,0
1827578,1827676,4,3.083390054218504,0.75,49,0.857142857142857,1.0,4
1827578,1827681,4,3.083390054218504,0.75,49,0.857142857142857,1.0,4
1827578,1841945,4,3.083390054218504,0.75,49,0.857142857142857,1.0,4
1827578,1841954,0,3.083390054218504,0.75,49,0.857142857142857,1.0,0
1827578,1841957,4,3.083390054218504,0.75,49,0.857142857142857,1.0,4
1827578,1841964,0,3.083390054218504,0.75,49,0.857142857142857,1.0,0
1827589,1833492,5,3.083390054218504,0.75,49,0.857142857142857,1.0,5
1827589,1838631,5,3.083390054218504,0.75,49,0.857142857142857,1.0,5
1827589,1842460,5,3.083390054218504,0.75,49,0.857142857142857,1.0,5
1827589,1842471,5,3.083390054218504,0.75,49,0.857142857142857,1.0,5
1827589,1842475,0,3.083390054218504,0.75,49,0.857142857142857,1.0,0
1827589,1842483,0,3.083390054218504,0.75,49,0.857142857142857,1.0,0
1827589,1873257,5,3.083390054218504,0.75,49,0.857142857142857,1.0,5
1827590,1829027,1,1.4426950408889634,0.25,6,0.5,1.0,1
1827590,1841545,0,0.9102392266268373,0.3333333333333333,4,0.3333333333333333,1.0,0
1827590,1841566,0,0.9102392266268373,0.5,2,0.3333333333333333,0.5,0
1827603,1841586,0,2.4853397382384474,0.6666666666666666,25,0.8,1.0,0
1827603,1841621,0,2.4853397382384474,0.6666666666666666,25,0.8,1.0,0
1827603,1842690,0,2.4853397382384474,0.6666666666666666,25,0.8,1.0,0
1827603,1842698,1,2.4853397382384474,0.6666666666666666,25,0.8,1.0,1
1827603,1863950,0,2.4853397382384474,0.6666666666666666,25,0.8,1.0,0
1827611,1832097,1,0.0,0.0,1,0.0,1.0,1
1827613,1841599,1,0.0,0.0,1,0.0,1.0,1
1827615,1827616,12,3.366288428740915,0.7777777777777778,64,0.875,1.0,12
1827615,1831586,12,3.366288428740915,0.7777777777777778,64,0.875,1.0,12
1827615,1841458,0,3.366288428740915,0.7777777777777778,64,0.875,1.0,0
1827615,1841643,12,3.366288428740915,0.7777777777777778,64,0.875,1.0,12
1827615,1841670,0,3.366288428740915,0.7777777777777778,64,0.875,1.0,0
1827615,1841677,12,3.366288428740915,0.7777777777777778,64,0.875,1.0,12
1827615,1841687,12,3.366288428740915,0.7777777777777778,64,0.875,1.0,12
1827615,1842754,12,3.366288428740915,0.7777777777777778,64,0.875,1.0,12
1827616,1831586,12,3.366288428740915,0.7777777777777778,64,0.875,1.0,12
1827616,1841458,0,3.366288428740915,0.7777777777777778,64,0.875,1.0,0
1827616,1841643,12,3.366288428740915,0.7777777777777778,64,0.875,1.0,12
1827616,1841670,0,3.366288428740915,0.7777777777777778,64,0.875,1.0,0
1827616,1841677,12,3.366288428740915,0.7777777777777778,64,0.875,1.0,12
1827616,1841687,12,3.366288428740915,0.7777777777777778,64,0.875,1.0,12
1827616,1842754,12,3.366288428740915,0.7777777777777778,64,0.875,1.0,12
1827617,1832943,1,1.4426950408889634,0.3333333333333333,4,0.5,1.0,1
1827617,1836375,0,1.4426950408889634,0.3333333333333333,4,0.5,1.0,0
1827625,1841064,5,1.8204784532536746,0.5,9,0.6666666666666666,1.0,5
1827625,1842769,5,1.8204784532536746,0.5,9,0.6666666666666666,1.0,5
1827627,1840117,4,2.164042561333445,0.6,16,0.75,1.0,4
1827627,1841668,4,2.164042561333445,0.6,16,0.75,1.0,4
1827627,1841674,4,2.164042561333445,0.6,16,0.75,1.0,4
1827627,1841733,4,2.164042561333445,0.6,16,0.75,1.0,4
1827636,1827641,6,2.7905531327562363,0.7142857142857143,36,0.8333333333333333,1.0,6
1827636,1834748,0,2.7905531327562363,0.7142857142857143,36,0.8333333333333333,1.0,0
1827636,1834754,0,2.7905531327562363,0.7142857142857143,36,0.8333333333333333,1.0,0
1827636,1841731,6,2.7905531327562363,0.7142857142857143,36,0.8333333333333333,1.0,6
1827636,1841843,6,2.7905531327562363,0.7142857142857143,36,0.8333333333333333,1.0,6
1827641,1834748,0,2.7905531327562363,0.7142857142857143,36,0.8333333333333333,1.0,0
1827641,1834754,0,2.7905531327562363,0.7142857142857143,36,0.8333333333333333,1.0,0
1827641,1841731,6,2.7905531327562363,0.7142857142857143,36,0.8333333333333333,1.0,6
1827641,1841843,6,2.7905531327562363,0.7142857142857143,36,0.8333333333333333,1.0,6
1827646,1834646,0,0.0,0.0,1,0.0,1.0,0
1827652,1827654,0,2.4853397382384474,0.6666666666666666,25,0.8,1.0,0
1827652,1836581,0,2.4853397382384474,0.6666666666666666,25,0.8,1.0,0
1827652,1836586,0,2.4853397382384474,0.6666666666666666,25,0.8,1.0,0
1827652,1841883,0,2.4853397382384474,0.6666666666666666,25,0.8,1.0,0
1827652,1841888,0,2.4853397382384474,0.6666666666666666,25,0.8,1.0,0
1827653,1841783,7,3.083390054218504,0.75,49,0.857142857142857,1.0,7
1827653,1841801,7,3.083390054218504,0.75,49,0.857142857142857,1.0,7
1827653,1841904,7,3.083390054218504,0.75,49,0.857142857142857,1.0,7
1827653,1842826,7,3.083390054218504,0.75,49,0.857142857142857,1.0,7
1827653,1842925,7,3.083390054218504,0.75,49,0.857142857142857,1.0,7
1827653,1842936,7,3.083390054218504,0.75,49,0.857142857142857,1.0,7
1827653,1842942,7,3.083390054218504,0.75,49,0.857142857142857,1.0,7
1827654,1836581,5,2.4853397382384474,0.6666666666666666,25,0.8,1.0,5
1827654,1836586,4,2.4853397382384474,0.6666666666666666,25,0.8,1.0,4
1827654,1841883,4,2.4853397382384474,0.6666666666666666,25,0.8,1.0,4
1827654,1841888,4,2.4853397382384474,0.6666666666666666,25,0.8,1.0,4
1827655,1830664,0,1.8204784532536746,0.5,9,0.6666666666666666,1.0,0
1827655,1830690,2,1.8204784532536746,0.5,9,0.6666666666666666,1.0,2
1827655,1842948,3,1.8204784532536746,0.5,9,0.6666666666666666,1.0,3
1827668,1841868,4,2.164042561333445,0.6,16,0.75,1.0,4
1827668,1841887,4,2.164042561333445,0.6,16,0.75,1.0,4
1827668,1843007,4,2.164042561333445,0.6,16,0.75,1.0,4
1827668,1843041,4,2.164042561333445,0.6,16,0.75,1.0,4
1827676,1827681,7,3.083390054218504,0.75,49,0.857142857142857,1.0,7
1827676,1841945,7,3.083390054218504,0.75,49,0.857142857142857,1.0,7
1827676,1841954,0,3.083390054218504,0.75,49,0.857142857142857,1.0,0
1827676,1841957,7,3.083390054218504,0.75,49,0.857142857142857,1.0,7
1827676,1841964,0,3.083390054218504,0.75,49,0.857142857142857,1.0,0
1827681,1841945,7,3.083390054218504,0.75,49,0.857142857142857,1.0,7
1827681,1841954,0,3.083390054218504,0.75,49,0.857142857142857,1.0,0
1827681,1841957,7,3.083390054218504,0.75,49,0.857142857142857,1.0,7
1827681,1841964,0,3.083390054218504,0.75,49,0.857142857142857,1.0,0
1827689,1830630,4,1.8204784532536746,0.5,9,0.6666666666666666,1.0,4
1827689,1836147,3,1.8204784532536746,0.5,9,0.6666666666666666,1.0,3
1827689,1841983,3,1.8204784532536746,0.5,9,0.6666666666666666,1.0,3
1827690,1832484,4,2.164042561333445,0.6,16,0.75,1.0,4
1827690,1838138,4,2.164042561333445,0.6,16,0.75,1.0,4
1827690,1842144,4,2.164042561333445,0.6,16,0.75,1.0,4
1827690,1872630,4,2.164042561333445,0.6,16,0.75,1.0,4
1827691,1842124,0,2.164042561333445,0.6,16,0.75,1.0,0
1827691,1842126,3,2.164042561333445,0.6,16,0.75,1.0,3
1827691,1842143,3,2.164042561333445,0.6,16,0.75,1.0,3
1827691,1843015,3,2.164042561333445,0.6,16,0.75,1.0,3
1827693,1843032,1,0.0,0.0,1,0.0,1.0,1
1827694,1838934,3,1.8204784532536746,0.5,9,0.6666666666666666,1.0,3
1827694,1842195,3,1.8204784532536746,0.5,9,0.6666666666666666,1.0,3
1827694,1843220,4,1.8204784532536746,0.5,9,0.6666666666666666,1.0,4
1827696,1827699,8,3.366288428740915,0.7777777777777778,64,0.875,1.0,8
1827696,1827702,8,3.366288428740915,0.7777777777777778,64,0.875,1.0,8
1827696,1842079,8,3.366288428740915,0.7777777777777778,64,0.875,1.0,8
1827696,1843047,8,3.366288428740915,0.7777777777777778,64,0.875,1.0,8
1827696,1843051,8,3.366288428740915,0.7777777777777778,64,0.875,1.0,8
1827696,1843084,8,3.366288428740915,0.7777777777777778,64,0.875,1.0,8
1827696,1843235,8,3.366288428740915,0.7777777777777778,64,0.875,1.0,8
1827696,1867354,8,3.366288428740915,0.7777777777777778,64,0.875,1.0,8
1827699,1827702,8,3.366288428740915,0.7777777777777778,64,0.875,1.0,8
1827699,1842079,8,3.366288428740915,0.7777777777777778,64,0.875,1.0,8
1827699,1843047,8,3.366288428740915,0.7777777777777778,64,0.875,1.0,8
1827699,1843051,8,3.366288428740915,0.7777777777777778,64,0.875,1.0,8
1827699,1843084,8,3.366288428740915,0.7777777777777778,64,0.875,1.0,8
1827699,1843235,8,3.366288428740915,0.7777777777777778,64,0.875,1.0,8
1827699,1867354,8,3.366288428740915,0.7777777777777778,64,0.875,1.0,8
1827702,1842079,11,3.366288428740915,0.7777777777777778,64,0.875,1.0,11
1827702,1843047,8,3.366288428740915,0.7777777777777778,64,0.875,1.0,8
1827702,1843051,11,3.366288428740915,0.7777777777777778,64,0.875,1.0,11
1827702,1843084,8,3.366288428740915,0.7777777777777778,64,0.875,1.0,8
1827702,1843235,8,3.366288428740915,0.7777777777777778,64,0.875,1.0,8
1827702,1867354,11,3.366288428740915,0.7777777777777778,64,0.875,1.0,11
1827703,1835046,0,1.4426950408889634,0.3333333333333333,4,0.5,1.0,0
1827703,1843063,0,1.4426950408889634,0.3333333333333333,4,0.5,1.0,0
1827707,1839865,8,2.7905531327562363,0.7142857142857143,36,0.8333333333333333,1.0,8
1827707,1842129,6,2.7905531327562363,0.7142857142857143,36,0.8333333333333333,1.0,6
1827707,1842274,6,2.7905531327562363,0.7142857142857143,36,0.8333333333333333,1.0,6
1827707,1842277,6,2.7905531327562363,0.7142857142857143,36,0.8333333333333333,1.0,6
1827707,1842288,8,2.7905531327562363,0.7142857142857143,36,0.8333333333333333,1.0,8
1827707,1843289,6,2.7905531327562363,0.7142857142857143,36,0.8333333333333333,1.0,6
1827715,1827717,3,1.8204784532536746,0.5,9,0.6666666666666666,1.0,3
1827715,1835148,4,1.8204784532536746,0.5,9,0.6666666666666666,1.0,4
1827715,1835243,3,1.8204784532536746,0.5,9,0.6666666666666666,1.0,3
1827717,1835148,3,1.8204784532536746,0.5,9,0.6666666666666666,1.0,3
1827717,1835243,3,1.8204784532536746,0.5,9,0.6666666666666666,1.0,3
1827727,1842356,6,1.8204784532536746,0.5,9,0.6666666666666666,1.0,6
1827727,1843229,6,1.8204784532536746,0.5,9,0.6666666666666666,1.0,6
1827727,1843394,6,1.8204784532536746,0.5,9,0.6666666666666666,1.0,6
1827800,1840914,0,0.0,0.0,1,0.0,1.0,0
1829027,1841545,0,1.4426950408889634,0.25,6,0.5,1.0,0
1829027,1841566,0,0.0,0.0,3,0.0,1.0,0
1829058,1841911,0,2.164042561333445,0.6,16,0.75,1.0,0
1829058,1842005,3,2.164042561333445,0.6,16,0.75,1.0,3
1829058,1842052,3,2.164042561333445,0.6,16,0.75,1.0,3
1829058,1843057,3,2.164042561333445,0.6,16,0.75,1.0,3
1829470,1841973,0,2.164042561333445,0.6,16,0.75,1.0,0
1829470,1843091,2,2.164042561333445,0.6,16,0.75,1.0,2
1829470,1843095,0,2.164042561333445,0.6,16,0.75,1.0,0
1829470,1861064,0,2.164042561333445,0.6,16,0.75,1.0,0
1829483,1842095,0,1.4426950408889634,0.3333333333333333,4,0.5,1.0,0
1829483,1843043,0,1.4426950408889634,0.3333333333333333,4,0.5,1.0,0
1829534,1840862,0,1.8204784532536746,0.5,9,0.6666666666666666,1.0,0
1829534,1840954,0,1.8204784532536746,0.5,9,0.6666666666666666,1.0,0
1829534,1840974,0,1.8204784532536746,0.5,9,0.6666666666666666,1.0,0
1829783,1841885,0,2.4853397382384474,0.6666666666666666,25,0.8,1.0,0
1829783,1841996,3,2.4853397382384474,0.6666666666666666,25,0.8,1.0,3
1829783,1842961,0,2.4853397382384474,0.6666666666666666,25,0.8,1.0,0
1829783,1842963,3,2.4853397382384474,0.6666666666666666,25,0.8,1.0,3
1829783,1861812,3,2.4853397382384474,0.6666666666666666,25,0.8,1.0,3
1830019,1832031,1,0.0,0.0,1,0.0,1.0,1
1830162,1840866,0,2.4853397382384474,0.6666666666666666,25,0.8,1.0,0
1830162,1840884,2,2.4853397382384474,0.6666666666666666,25,0.8,1.0,2
1830162,1840893,0,2.4853397382384474,0.6666666666666666,25,0.8,1.0,0
1830162,1840902,2,2.4853397382384474,0.6666666666666666,25,0.8,1.0,2
1830162,1841914,0,2.4853397382384474,0.6666666666666666,25,0.8,1.0,0
1830334,1830503,0,2.164042561333445,0.6,16,0.75,1.0,0
1830334,1830657,0,2.164042561333445,0.6,16,0.75,1.0,0
1830334,1842006,1,2.164042561333445,0.6,16,0.75,1.0,1
1830334,1842044,0,2.164042561333445,0.6,16,0.75,1.0,0
1830342,1832241,0,2.4853397382384474,0.6666666666666666,25,0.8,1.0,0
1830342,1832277,3,2.4853397382384474,0.6666666666666666,25,0.8,1.0,3
1830342,1832332,3,2.4853397382384474,0.6666666666666666,25,0.8,1.0,3
1830342,1836107,0,2.4853397382384474,0.6666666666666666,25,0.8,1.0,0
1830342,1842170,3,2.4853397382384474,0.6666666666666666,25,0.8,1.0,3
1830356,1842109,3,1.8204784532536746,0.5,9,0.6666666666666666,1.0,3
1830356,1842117,3,1.8204784532536746,0.5,9,0.6666666666666666,1.0,3
1830356,1862519,3,1.8204784532536746,0.5,9,0.6666666666666666,1.0,3
1830409,1841871,2,0.0,0.0,1,0.0,1.0,2
1830426,1832362,3,1.8204784532536746,0.5,9,0.6666666666666666,1.0,3
1830426,1837864,3,1.8204784532536746,0.5,9,0.6666666666666666,1.0,3
1830503,1830657,2,2.164042561333445,0.6,16,0.75,1.0,2
1830503,1842006,0,2.164042561333445,0.6,16,0.75,1.0,0
1830503,1842044,0,2.164042561333445,0.6,16,0.75,1.0,0
1830630,1836147,3,1.8204784532536746,0.5,9,0.6666666666666666,1.0,3
1830630,1841983,3,1.8204784532536746,0.5,9,0.6666666666666666,1.0,3
1830657,1842006,0,2.164042561333445,0.6,16,0.75,1.0,0
1830657,1842044,0,2.164042561333445,0.6,16,0.75,1.0,0
1830664,1830690,0,1.8204784532536746,0.5,9,0.6666666666666666,1.0,0
1830664,1842948,0,1.8204784532536746,0.5,9,0.6666666666666666,1.0,0
1830690,1842948,2,1.8204784532536746,0.5,9,0.6666666666666666,1.0,2
1830927,1839930,0,2.7905531327562363,0.7142857142857143,36,0.8333333333333333,1.0,0
1830927,1841280,0,2.7905531327562363,0.7142857142857143,36,0.8333333333333333,1.0,0
1830927,1841334,0,2.7905531327562363,0.7142857142857143,36,0.8333333333333333,1.0,0
1830927,1841342,0,2.7905531327562363,0.7142857142857143,36,0.8333333333333333,1.0,0
1830927,1841368,0,2.7905531327562363,0.7142857142857143,36,0.8333333333333333,1.0,0
1830927,1842341,0,2.7905531327562363,0.7142857142857143,36,0.8333333333333333,1.0,0
1830973,1836798,6,3.083390054218504,0.75,49,0.857142857142857,1.0,6
1830973,1837597,6,3.083390054218504,0.75,49,0.857142857142857,1.0,6
1830973,1838174,6,3.083390054218504,0.75,49,0.857142857142857,1.0,6
1830973,1840501,0,3.083390054218504,0.75,49,0.857142857142857,1.0,0
1830973,1841437,6,3.083390054218504,0.75,49,0.857142857142857,1.0,6
1830973,1842365,6,3.083390054218504,0.75,49,0.857142857142857,1.0,6
1830973,1842456,6,3.083390054218504,0.75,49,0.857142857142857,1.0,6
1831013,1841346,3,2.164042561333445,0.6,16,0.75,1.0,3
1831013,1841371,3,2.164042561333445,0.6,16,0.75,1.0,3
1831013,1863263,0,2.164042561333445,0.6,16,0.75,1.0,0
1831013,1863281,3,2.164042561333445,0.6,16,0.75,1.0,3
1831041,1840817,0,2.4853397382384474,0.6666666666666666,25,0.8,1.0,0
1831041,1840824,0,2.4853397382384474,0.6666666666666666,25,0.8,1.0,0
1831041,1840827,3,2.4853397382384474,0.6666666666666666,25,0.8,1.0,3
1831041,1841826,3,2.4853397382384474,0.6666666666666666,25,0.8,1.0,3
1831041,1841930,3,2.4853397382384474,0.6666666666666666,25,0.8,1.0,3
1831313,1842524,2,1.4426950408889634,0.3333333333333333,4,0.5,1.0,2
1831313,1842565,2,1.4426950408889634,0.3333333333333333,4,0.5,1.0,2
1831497,1841461,4,2.164042561333445,0.6,16,0.75,1.0,4
1831497,1841473,4,2.164042561333445,0.6,16,0.75,1.0,4
1831497,1842394,4,2.164042561333445,0.6,16,0.75,1.0,4
1831497,1842407,4,2.164042561333445,0.6,16,0.75,1.0,4
1831505,1840928,3,1.8204784532536746,0.3333333333333333,15,0.6666666666666666,1.0,3
1831505,1841950,3,1.8204784532536746,0.3333333333333333,15,0.6666666666666666,1.0,3
1831505,1841968,2,1.4426950408889634,0.16666666666666666,10,0.5,1.0,2
1831505,1843097,3,1.4426950408889634,0.16666666666666666,10,0.5,1.0,3
1831586,1841458,0,3.366288428740915,0.7777777777777778,64,0.875,1.0,0
1831586,1841643,12,3.366288428740915,0.7777777777777778,64,0.875,1.0,12
1831586,1841670,0,3.366288428740915,0.7777777777777778,64,0.875,1.0,0
1831586,1841677,12,3.366288428740915,0.7777777777777778,64,0.875,1.0,12
1831586,1841687,12,3.366288428740915,0.7777777777777778,64,0.875,1.0,12
1831586,1842754,12,3.366288428740915,0.7777777777777778,64,0.875,1.0,12
1831764,1842868,2,0.0,0.0,1,0.0,1.0,2
1831987,1841718,0,2.164042561333445,0.6,16,0.75,1.0,0
1831987,1841839,0,2.164042561333445,0.6,16,0.75,1.0,0
1831987,1842863,1,2.164042561333445,0.6,16,0.75,1.0,1
1831987,1842893,0,2.164042561333445,0.6,16,0.75,1.0,0
1832065,1832083,4,1.4426950408889634,0.3333333333333333,4,0.5,1.0,4
1832065,1840852,4,1.4426950408889634,0.3333333333333333,4,0.5,1.0,4
1832083,1840852,4,1.4426950408889634,0.3333333333333333,4,0.5,1.0,4
1832112,1832145,3,1.8204784532536746,0.5,9,0.6666666666666666,1.0,3
1832112,1832147,3,1.8204784532536746,0.5,9,0.6666666666666666,1.0,3
1832112,1832150,3,1.8204784532536746,0.5,9,0.6666666666666666,1.0,3
1832123,1836337,0,1.8204784532536746,0.5,9,0.6666666666666666,1.0,0
1832123,1841439,2,1.8204784532536746,0.5,9,0.6666666666666666,1.0,2
1832123,1842350,0,1.8204784532536746,0.5,9,0.6666666666666666,1.0,0
1832145,1832147,3,1.8204784532536746,0.5,9,0.6666666666666666,1.0,3
1832145,1832150,3,1.8204784532536746,0.5,9,0.6666666666666666,1.0,3
1832147,1832150,3,1.8204784532536746,0.5,9,0.6666666666666666,1.0,3
1832241,1832277,0,2.4853397382384474,0.6666666666666666,25,0.8,1.0,0
1832241,1832332,0,2.4853397382384474,0.6666666666666666,25,0.8,1.0,0
1832241,1836107,1,2.4853397382384474,0.6666666666666666,25,0.8,1.0,1
1832241,1842170,0,2.4853397382384474,0.6666666666666666,25,0.8,1.0,0
1832277,1832332,3,2.4853397382384474,0.6666666666666666,25,0.8,1.0,3
1832277,1836107,0,2.4853397382384474,0.6666666666666666,25,0.8,1.0,0
1832277,1842170,3,2.4853397382384474,0.6666666666666666,25,0.8,1.0,3
1832332,1836107,0,2.4853397382384474,0.6666666666666666,25,0.8,1.0,0
1832332,1842170,3,2.4853397382384474,0.6666666666666666,25,0.8,1.0,3
1832348,1833010,0,2.4853397382384474,0.36363636363636365,50,0.8,1.0,0
1832348,1833035,0,2.4853397382384474,0.36363636363636365,50,0.8,1.0,0
1832348,1833143,0,2.4853397382384474,0.36363636363636365,50,0.8,1.0,0
1832348,1833161,0,2.4853397382384474,0.36363636363636365,50,0.8,1.0,0
1832348,1833165,0,2.4853397382384474,0.36363636363636365,50,0.8,1.0,0
1832348,1837475,0,2.4853397382384474,0.36363636363636365,50,0.8,1.0,0
1832348,1838183,4,2.4853397382384474,0.36363636363636365,50,0.8,1.0,4
1832348,1865497,3,2.4853397382384474,0.36363636363636365,50,0.8,1.0,3
1832348,1871118,0,2.4853397382384474,0.36363636363636365,50,0.8,1.0,0
1832348,1872692,3,2.4853397382384474,0.36363636363636365,50,0.8,1.0,3
1832362,1837864,3,1.8204784532536746,0.5,9,0.6666666666666666,1.0,3
1832484,1838138,4,2.164042561333445,0.6,16,0.75,1.0,4
1832484,1842144,5,2.164042561333445,0.6,16,0.75,1.0,5
1832484,1872630,4,2.164042561333445,0.6,16,0.75,1.0,4
1832943,1836375,0,1.4426950408889634,0.3333333333333333,4,0.5,1.0,0
1833010,1833035,4,2.2982992855820874,0.6666666666666666,25,0.7,1.0,4
1833010,1833143,4,2.2982992855820874,0.6666666666666666,25,0.7,1.0,4
1833010,1833161,4,2.2982992855820874,0.6666666666666666,25,0.7,1.0,4
1833010,1833165,4,2.2982992855820874,0.6666666666666666,25,0.7,1.0,4
1833010,1837475,0,0.43429448190325176,0.1111111111111111,25,0.1,0.5,0
1833010,1838183,0,0.43429448190325176,0.1111111111111111,25,0.1,0.5,0
1833010,1865497,0,0.43429448190325176,0.1111111111111111,25,0.1,0.5,0
1833010,1871118,0,0.43429448190325176,0.1111111111111111,25,0.1,0.5,0
1833010,1872692,0,0.43429448190325176,0.1111111111111111,25,0.1,0.5,0
1833035,1833143,7,2.2982992855820874,0.6666666666666666,25,0.7,1.0,7
1833035,1833161,7,2.2982992855820874,0.6666666666666666,25,0.7,1.0,7
1833035,1833165,7,2.2982992855820874,0.6666666666666666,25,0.7,1.0,7
1833035,1837475,0,0.43429448190325176,0.1111111111111111,25,0.1,0.5,0
1833035,1838183,0,0.43429448190325176,0.1111111111111111,25,0.1,0.5,0
1833035,1865497,0,0.43429448190325176,0.1111111111111111,25,0.1,0.5,0
1833035,1871118,0,0.43429448190325176,0.1111111111111111,25,0.1,0.5,0
1833035,1872692,0,0.43429448190325176,0.1111111111111111,25,0.1,0.5,0
1833143,1833161,7,2.2982992855820874,0.6666666666666666,25,0.7,1.0,7
1833143,1833165,7,2.2982992855820874,0.6666666666666666,25,0.7000000000000001,1.0,7
1833143,1837475,0,0.43429448190325176,0.1111111111111111,25,0.1,0.5,0
1833143,1838183,0,0.43429448190325176,0.1111111111111111,25,0.1,0.5,0
1833143,1865497,0,0.43429448190325176,0.1111111111111111,25,0.1,0.5,0
1833143,1871118,0,0.43429448190325176,0.1111111111111111,25,0.1,0.5,0
1833143,1872692,0,0.43429448190325176,0.1111111111111111,25,0.1,0.5,0
1833161,1833165,7,2.2982992855820874,0.6666666666666666,25,0.7,1.0,7
1833161,1837475,0,0.43429448190325176,0.1111111111111111,25,0.1,0.5,0
1833161,1838183,0,0.43429448190325176,0.1111111111111111,25,0.1,0.5,0
1833161,1865497,0,0.43429448190325176,0.1111111111111111,25,0.1,0.5,0
1833161,1871118,0,0.43429448190325176,0.1111111111111111,25,0.1,0.5,0
1833161,1872692,0,0.43429448190325176,0.1111111111111111,25,0.1,0.5,0
1833165,1837475,0,0.43429448190325176,0.1111111111111111,25,0.1,0.5,0
1833165,1838183,0,0.43429448190325176,0.1111111111111111,25,0.1,0.5,0
1833165,1865497,0,0.43429448190325176,0.1111111111111111,25,0.1,0.5,0
1833165,1871118,0,0.43429448190325176,0.1111111111111111,25,0.1,0.5,0
1833165,1872692,0,0.43429448190325176,0.1111111111111111,25,0.1,0.5,0
1833406,1842087,3,1.8204784532536746,0.5,9,0.6666666666666666,1.0,3
1833406,1843243,3,1.8204784532536746,0.5,9,0.6666666666666666,1.0,3
1833406,1865952,4,1.8204784532536746,0.5,9,0.6666666666666666,1.0,4
1833492,1838631,5,3.083390054218504,0.75,49,0.857142857142857,1.0,5
1833492,1842460,6,3.083390054218504,0.75,49,0.857142857142857,1.0,6
1833492,1842471,5,3.083390054218504,0.75,49,0.857142857142857,1.0,5
1833492,1842475,0,3.083390054218504,0.75,49,0.857142857142857,1.0,0
1833492,1842483,0,3.083390054218504,0.75,49,0.857142857142857,1.0,0
1833492,1873257,5,3.083390054218504,0.75,49,0.857142857142857,1.0,5
1833547,1833630,2,0.0,0.0,1,0.0,1.0,2
1833601,1834898,0,1.8204784532536746,0.5,9,0.6666666666666666,1.0,0
1833601,1841062,1,1.8204784532536746,0.5,9,0.6666666666666666,1.0,1
1833791,1834569,3,1.8204784532536746,0.5,9,0.6666666666666666,1.0,3
1833791,1867735,3,1.8204784532536746,0.5,9,0.6666666666666666,1.0,3
1833791,1872559,4,1.8204784532536746,0.5,9,0.6666666666666666,1.0,4
1833956,1841906,4,1.4426950408889634,0.3333333333333333,4,0.5,1.0,4
1833956,1842966,4,1.4426950408889634,0.3333333333333333,4,0.5,1.0,4
1834256,1834496,2,0.0,0.0,1,0.0,1.0,2
1834569,1867735,4,1.8204784532536746,0.5,9,0.6666666666666666,1.0,4
1834569,1872559,3,1.8204784532536746,0.5,9,0.6666666666666666,1.0,3
1834696,1842454,4,1.4426950408889634,0.3333333333333333,4,0.5,1.0,4
1834696,1842540,4,1.4426950408889634,0.3333333333333333,4,0.5,1.0,4
1834699,1841343,4,2.164042561333445,0.6,16,0.75,1.0,4
1834699,1842320,5,2.164042561333445,0.6,16,0.75,1.0,5
1834699,1842367,4,2.164042561333445,0.6,16,0.75,1.0,4
1834699,1872332,4,2.164042561333445,0.6,16,0.75,1.0,4
1834748,1834754,0,2.7905531327562363,0.7142857142857143,36,0.8333333333333333,1.0,0
1834748,1841731,0,2.7905531327562363,0.7142857142857143,36,0.8333333333333333,1.0,0
1834748,1841843,0,2.7905531327562363,0.7142857142857143,36,0.8333333333333333,1.0,0
1834754,1841731,0,2.7905531327562363,0.7142857142857143,36,0.8333333333333333,1.0,0
1834754,1841843,0,2.7905531327562363,0.7142857142857143,36,0.8333333333333333,1.0,0
1834898,1841062,0,1.8204784532536746,0.5,9,0.6666666666666666,1.0,0
1834981,1841013,0,2.164042561333445,0.6,16,0.75,1.0,0
1834981,1841017,4,2.164042561333445,0.6,16,0.75,1.0,4
1834981,1842020,0,2.164042561333445,0.6,16,0.75,1.0,0
1834997,1835911,1,0.0,0.0,1,0.0,1.0,1
1835046,1843063,2,1.4426950408889634,0.3333333333333333,4,0.5,1.0,2
1835148,1835243,3,1.8204784532536746,0.5,9,0.6666666666666666,1.0,3
1835557,1841980,0,1.4426950408889634,0.3333333333333333,4,0.5,1.0,0
1835557,1872337,0,1.4426950408889634,0.3333333333333333,4,0.5,1.0,0
1835598,1842546,0,0.0,0.0,1,0.0,1.0,0
1835719,1840910,0,1.4426950408889634,0.3333333333333333,4,0.5,1.0,0
1835842,1836105,4,2.164042561333445,0.6,16,0.75,1.0,4
1835842,1838782,4,2.164042561333445,0.6,16,0.75,1.0,4
1835842,1841738,4,2.164042561333445,0.6,16,0.75,1.0,4
1835842,1842814,5,2.164042561333445,0.6,16,0.75,1.0,5
1836105,1838782,4,2.164042561333445,0.6,16,0.75,1.0,4
1836105,1841738,5,2.164042561333445,0.6,16,0.75,1.0,5
1836105,1842814,4,2.164042561333445,0.6,16,0.75,1.0,4
1836107,1842170,0,2.4853397382384474,0.6666666666666666,25,0.8,1.0,0
1836147,1841983,3,1.8204784532536746,0.5,9,0.6666666666666666,1.0,3
1836337,1841439,0,1.8204784532536746,0.5,9,0.6666666666666666,1.0,0
1836337,1842350,2,1.8204784532536746,0.5,9,0.6666666666666666,1.0,2
1836436,1836462,0,1.4426950408889634,0.3333333333333333,4,0.5,1.0,0
1836436,1843105,0,1.4426950408889634,0.3333333333333333,4,0.5,1.0,0
1836462,1843105,0,1.4426950408889634,0.3333333333333333,4,0.5,1.0,0
1836549,1841619,0,2.4853397382384474,0.6666666666666666,25,0.8,1.0,0
1836549,1841635,0,2.4853397382384474,0.6666666666666666,25,0.8,1.0,0
1836549,1841707,3,2.4853397382384474,0.6666666666666666,25,0.8,1.0,3
1836549,1842707,3,2.4853397382384474,0.6666666666666666,25,0.8,1.0,3
1836549,1842744,3,2.4853397382384474,0.6666666666666666,25,0.8,1.0,3
1836581,1836586,4,2.4853397382384474,0.6666666666666666,25,0.8,1.0,4
1836581,1841883,4,2.4853397382384474,0.6666666666666666,25,0.8,1.0,4
1836581,1841888,4,2.4853397382384474,0.6666666666666666,25,0.8,1.0,4
1836586,1841883,4,2.4853397382384474,0.6666666666666666,25,0.8,1.0,4
1836586,1841888,5,2.4853397382384474,0.6666666666666666,25,0.8,1.0,5
1836734,1842032,2,0.0,0.0,1,0.0,1.0,2
1836792,1839053,0,0.0,0.0,1,0.0,1.0,0
1836798,1837597,11,3.083390054218504,0.75,49,0.857142857142857,1.0,11
1836798,1838174,11,3.083390054218504,0.75,49,0.857142857142857,1.0,11
1836798,1840501,0,3.083390054218504,0.75,49,0.857142857142857,1.0,0
1836798,1841437,11,3.083390054218504,0.75,49,0.857142857142857,1.0,11
1836798,1842365,11,3.083390054218504,0.75,49,0.857142857142857,1.0,11
1836798,1842456,11,3.083390054218504,0.75,49,0.857142857142857,1.0,11
1837055,1842624,0,0.0,0.0,1,0.0,1.0,0
1837475,1838183,0,2.2982992855820874,0.6666666666666666,25,0.7,1.0,0
1837475,1865497,0,2.2982992855820874,0.6666666666666666,25,0.7,1.0,0
1837475,1871118,0,2.2982992855820874,0.6666666666666666,25,0.7,1.0,0
1837475,1872692,0,2.2982992855820874,0.6666666666666666,25,0.7,1.0,0
1837597,1838174,11,3.083390054218504,0.75,49,0.857142857142857,1.0,11
1837597,1840501,0,3.083390054218504,0.75,49,0.857142857142857,1.0,0
1837597,1841437,11,3.083390054218504,0.75,49,0.857142857142857,1.0,11
1837597,1842365,11,3.083390054218504,0.75,49,0.857142857142857,1.0,11
1837597,1842456,11,3.083390054218504,0.75,49,0.857142857142857,1.0,11
1837875,1843374,0,0.0,0.0,1,0.0,1.0,0
1838138,1842144,4,2.164042561333445,0.6,16,0.75,1.0,4
1838138,1872630,4,2.164042561333445,0.6,16,0.75,1.0,4
1838174,1840501,0,3.083390054218504,0.75,49,0.857142857142857,1.0,0
1838174,1841437,11,3.083390054218504,0.75,49,0.857142857142857,1.0,11
1838174,1842365,11,3.083390054218504,0.75,49,0.857142857142857,1.0,11
1838174,1842456,11,3.083390054218504,0.75,49,0.857142857142857,1.0,11
1838183,1865497,3,2.2982992855820874,0.6666666666666666,25,0.7,1.0,3
1838183,1871118,0,2.2982992855820874,0.6666666666666666,25,0.7000000000000001,1.0,0
1838183,1872692,3,2.2982992855820874,0.6666666666666666,25,0.7,1.0,3
1838631,1842460,5,3.083390054218504,0.75,49,0.857142857142857,1.0,5
1838631,1842471,5,3.083390054218504,0.75,49,0.857142857142857,1.0,5
1838631,1842475,0,3.083390054218504,0.75,49,0.857142857142857,1.0,0
1838631,1842483,0,3.083390054218504,0.75,49,0.857142857142857,1.0,0
1838631,1873257,6,3.083390054218504,0.75,49,0.857142857142857,1.0,6
1838782,1841738,4,2.164042561333445,0.6,16,0.75,1.0,4
1838782,1842814,4,2.164042561333445,0.6,16,0.75,1.0,4
1838934,1842195,4,1.8204784532536746,0.5,9,0.6666666666666666,1.0,4
1838934,1843220,3,1.8204784532536746,0.5,9,0.6666666666666666,1.0,3
1838976,1839532,0,2.164042561333445,0.6,16,0.75,1.0,0
1838976,1841865,2,2.164042561333445,0.6,16,0.75,1.0,2
1838976,1841971,0,2.164042561333445,0.6,16,0.75,1.0,0
1838976,1842976,2,2.164042561333445,0.6,16,0.75,1.0,2
1839132,1841411,2,1.4426950408889634,0.3333333333333333,4,0.5,1.0,2
1839132,1842353,3,1.4426950408889634,0.3333333333333333,4,0.5,1.0,3
1839466,1840511,0,1.4683498531780845,0.2857142857142857,18,0.5,1.0,0
1839466,1841003,0,1.1162212531024944,0.4,12,0.3333333333333333,0.5,0
1839466,1842043,0,1.1162212531024944,0.4,12,0.3333333333333333,0.5,0
1839466,1842050,0,1.4683498531780845,0.2857142857142857,18,0.5,1.0,0
1839466,1842056,0,1.1162212531024944,0.4,12,0.3333333333333333,0.5,0
1839466,1842619,2,1.1162212531024944,0.5,9,0.3333333333333333,1.0,2
1839532,1841865,0,2.164042561333445,0.6,16,0.75,1.0,0
1839532,1841971,1,2.164042561333445,0.6,16,0.75,1.0,1
1839532,1842976,0,2.164042561333445,0.6,16,0.75,1.0,0
1839665,1843195,4,1.4426950408889634,0.3333333333333333,4,0.5,1.0,4
1839665,1863637,4,1.4426950408889634,0.3333333333333333,4,0.5,1.0,4
1839709,1843029,0,0.0,0.0,1,0.0,1.0,0
1839865,1842129,6,2.7905531327562363,0.7142857142857143,36,0.8333333333333333,1.0,6
1839865,1842274,6,2.7905531327562363,0.7142857142857143,36,0.8333333333333333,1.0,6
1839865,1842277,6,2.7905531327562363,0.7142857142857143,36,0.8333333333333333,1.0,6
1839865,1842288,8,2.7905531327562363,0.7142857142857143,36,0.8333333333333333,1.0,8
1839865,1843289,6,2.7905531327562363,0.7142857142857143,36,0.8333333333333333,1.0,6
1839930,1841280,3,2.7905531327562363,0.7142857142857143,36,0.8333333333333333,1.0,3
1839930,1841334,0,2.7905531327562363,0.7142857142857143,36,0.8333333333333333,1.0,0
1839930,1841342,3,2.7905531327562363,0.7142857142857143,36,0.8333333333333333,1.0,3
1839930,1841368,3,2.7905531327562363,0.7142857142857143,36,0.8333333333333333,1.0,3
1839930,1842341,0,2.7905531327562363,0.7142857142857143,36,0.8333333333333333,1.0,0
1840117,1841668,4,2.164042561333445,0.6,16,0.75,1.0,4
1840117,1841674,4,2.164042561333445,0.6,16,0.75,1.0,4
1840117,1841733,4,2.164042561333445,0.6,16,0.75,1.0,4
1840501,1841437,0,3.083390054218504,0.75,49,0.857142857142857,1.0,0
1840501,1842365,0,3.083390054218504,0.75,49,0.857142857142857,1.0,0
1840501,1842456,0,3.083390054218504,0.75,49,0.857142857142857,1.0,0
1840511,1841003,0,2.0008056674402104,0.42857142857142855,24,0.6666666666666666,1.0,0
1840511,1842043,0,2.0008056674402104,0.42857142857142855,24,0.6666666666666666,1.0,0
1840511,1842050,2,3.98452101458712,0.7142857142857143,36,1.4166666666666665,1.0,2
1840511,1842056,0,2.0008056674402104,0.42857142857142855,24,0.6666666666666666,1.0,0
1840511,1842619,0,1.4683498531780845,0.2857142857142857,18,0.5,1.0,0
1840817,1840824,2,2.4853397382384474,0.6666666666666666,25,0.8,1.0,2
1840817,1840827,0,2.4853397382384474,0.6666666666666666,25,0.8,1.0,0
1840817,1841826,0,2.4853397382384474,0.6666666666666666,25,0.8,1.0,0
1840817,1841930,0,2.4853397382384474,0.6666666666666666,25,0.8,1.0,0
1840824,1840827,0,2.4853397382384474,0.6666666666666666,25,0.8,1.0,0
1840824,1841826,0,2.4853397382384474,0.6666666666666666,25,0.8,1.0,0
1840824,1841930,0,2.4853397382384474,0.6666666666666666,25,0.8,1.0,0
1840827,1841826,3,2.4853397382384474,0.6666666666666666,25,0.8,1.0,3
1840827,1841930,3,2.4853397382384474,0.6666666666666666,25,0.8,1.0,3
1840862,1840954,0,1.8204784532536746,0.5,9,0.6666666666666666,1.0,0
1840862,1840974,2,1.8204784532536746,0.5,9,0.6666666666666666,1.0,2
1840866,1840884,0,2.4853397382384474,0.6666666666666666,25,0.8,1.0,0
1840866,1840893,2,2.4853397382384474,0.6666666666666666,25,0.8,1.0,2
1840866,1840902,0,2.4853397382384474,0.6666666666666666,25,0.8,1.0,0
1840866,1841914,2,2.4853397382384474,0.6666666666666666,25,0.8,1.0,2
1840884,1840893,0,2.4853397382384474,0.6666666666666666,25,0.8,1.0,0
1840884,1840902,2,2.4853397382384474,0.6666666666666666,25,0.8,1.0,2
1840884,1841914,0,2.4853397382384474,0.6666666666666666,25,0.8,1.0,0
1840893,1840902,0,2.4853397382384474,0.6666666666666666,25,0.8,1.0,0
1840893,1841914,2,2.4853397382384474,0.6666666666666666,25,0.8,1.0,2
1840902,1841914,0,2.4853397382384474,0.6666666666666666,25,0.8,1.0,0
1840928,1841950,4,1.531574161186449,0.5,9,0.5333333333333333,1.0,4
1840928,1841968,2,0.6213349345596119,0.25,6,0.2,0.5,2
1840928,1843097,2,0.6213349345596119,0.25,6,0.2,0.5,2
1840954,1840974,0,1.8204784532536746,0.5,9,0.6666666666666666,1.0,0
1841003,1842043,4,1.8375687735469761,0.6,16,0.5833333333333333,1.0,4
1841003,1842050,0,2.0008056674402104,0.42857142857142855,24,0.6666666666666666,1.0,0
1841003,1842056,4,1.8375687735469761,0.6,16,0.5833333333333333,1.0,4
1841003,1842619,0,1.1162212531024944,0.4,12,0.3333333333333333,0.5,0
1841013,1841017,0,2.164042561333445,0.6,16,0.75,1.0,0
1841013,1842020,0,2.164042561333445,0.6,16,0.75,1.0,0
1841017,1842020,0,2.164042561333445,0.6,16,0.75,1.0,0
1841064,1842769,5,1.8204784532536746,0.5,9,0.6666666666666666,1.0,5
1841068,1841529,3,2.164042561333445,0.6,16,0.75,1.0,3
1841068,1841600,5,2.164042561333445,0.6,16,0.75,1.0,5
1841068,1842114,5,2.164042561333445,0.6,16,0.75,1.0,5
1841068,1842133,0,2.164042561333445,0.6,16,0.75,1.0,0
1841072,1841137,1,0.0,0.0,1,0.0,1.0,1
1841225,1841248,5,2.164042561333445,0.6,16,0.75,1.0,5
1841225,1841305,0,2.164042561333445,0.6,16,0.75,1.0,0
1841225,1842257,3,2.164042561333445,0.6,16,0.75,1.0,3
1841248,1841305,0,2.164042561333445,0.6,16,0.75,1.0,0
1841248,1842257,3,2.164042561333445,0.6,16,0.75,1.0,3
1841280,1841334,0,2.7905531327562363,0.7142857142857143,36,0.8333333333333333,1.0,0
1841280,1841342,3,2.7905531327562363,0.7142857142857143,36,0.8333333333333333,1.0,3
1841280,1841368,3,2.7905531327562363,0.7142857142857143,36,0.8333333333333333,1.0,3
1841280,1842341,0,2.7905531327562363,0.7142857142857143,36,0.8333333333333333,1.0,0
1841301,1842255,3,1.8204784532536746,0.5,9,0.6666666666666666,1.0,3
1841301,1842259,5,1.8204784532536746,0.5,9,0.6666666666666666,1.0,5
1841301,1842267,5,1.8204784532536746,0.5,9,0.6666666666666666,1.0,5
1841305,1842257,0,2.164042561333445,0.6,16,0.75,1.0,0
1841334,1841342,0,2.7905531327562363,0.7142857142857143,36,0.8333333333333333,1.0,0
1841334,1841368,0,2.7905531327562363,0.7142857142857143,36,0.8333333333333333,1.0,0
1841334,1842341,0,2.7905531327562363,0.7142857142857143,36,0.8333333333333333,1.0,0
1841342,1841368,4,2.7905531327562363,0.7142857142857143,36,0.8333333333333333,1.0,4
1841342,1842341,0,2.7905531327562363,0.7142857142857143,36,0.8333333333333333,1.0,0
1841343,1842320,4,2.164042561333445,0.6,16,0.75,1.0,4
1841343,1842367,4,2.164042561333445,0.6,16,0.75,1.0,4
1841343,1872332,4,2.164042561333445,0.6,16,0.75,1.0,4
1841346,1841371,3,2.164042561333445,0.6,16,0.75,1.0,3
1841346,1863263,0,2.164042561333445,0.6,16,0.75,1.0,0
1841346,1863281,3,2.164042561333445,0.6,16,0.75,1.0,3
1841368,1842341,0,2.7905531327562363,0.7142857142857143,36,0.8333333333333333,1.0,0
1841371,1863263,0,2.164042561333445,0.6,16,0.75,1.0,0
1841371,1863281,3,2.164042561333445,0.6,16,0.75,1.0,3
1841411,1842353,2,1.4426950408889634,0.3333333333333333,4,0.5,1.0,2
1841417,1841768,7,3.366288428740915,0.7777777777777778,64,0.875,1.0,7
1841417,1842402,10,3.366288428740915,0.7777777777777778,64,0.875,1.0,10
1841417,1842428,7,3.366288428740915,0.7777777777777778,64,0.875,1.0,7
1841417,1842436,7,3.366288428740915,0.7777777777777778,64,0.875,1.0,7
1841417,1842482,10,3.366288428740915,0.7777777777777778,64,0.875,1.0,10
1841437,1842365,11,3.083390054218504,0.75,49,0.857142857142857,1.0,11
1841437,1842456,11,3.083390054218504,0.75,49,0.857142857142857,1.0,11
1841439,1842350,0,1.8204784532536746,0.5,9,0.6666666666666666,1.0,0
1841458,1841643,0,3.366288428740915,0.7777777777777778,64,0.875,1.0,0
1841458,1841670,1,3.366288428740915,0.7777777777777778,64,0.875,1.0,1
1841458,1841677,0,3.366288428740915,0.7777777777777778,64,0.875,1.0,0
1841458,1841687,0,3.366288428740915,0.7777777777777778,64,0.875,1.0,0
1841458,1842754,0,3.366288428740915,0.7777777777777778,64,0.875,1.0,0
1841461,1841473,4,2.164042561333445,0.6,16,0.75,1.0,4
1841461,1842394,4,2.164042561333445,0.6,16,0.75,1.0,4
1841461,1842407,4,2.164042561333445,0.6,16,0.75,1.0,4
1841464,1841470,3,1.8204784532536746,0.5,9,0.6666666666666666,1.0,3
1841464,1841493,2,1.8204784532536746,0.5,9,0.6666666666666666,1.0,2
1841464,1864397,0,1.8204784532536746,0.5,9,0.6666666666666666,1.0,0
1841470,1841493,2,1.8204784532536746,0.5,9,0.6666666666666666,1.0,2
1841470,1864397,0,1.8204784532536746,0.5,9,0.6666666666666666,1.0,0
1841473,1842394,4,2.164042561333445,0.6,16,0.75,1.0,4
1841473,1842407,4,2.164042561333445,0.6,16,0.75,1.0,4
1841493,1864397,0,1.8204784532536746,0.5,9,0.6666666666666666,1.0,0
1841529,1841600,3,2.164042561333445,0.6,16,0.75,1.0,3
1841529,1842114,3,2.164042561333445,0.6,16,0.75,1.0,3
1841529,1842133,0,2.164042561333445,0.6,16,0.75,1.0,0
1841545,1841566,0,0.9102392266268373,0.5,2,0.3333333333333333,0.5,0
1841558,1842479,5,1.8204784532536746,0.5,9,0.6666666666666666,1.0,5
1841558,1842584,3,1.8204784532536746,0.5,9,0.6666666666666666,1.0,3
1841558,1842586,5,1.8204784532536746,0.5,9,0.6666666666666666,1.0,5
1841586,1841621,0,2.4853397382384474,0.6666666666666666,25,0.8,1.0,0
1841586,1842690,0,2.4853397382384474,0.6666666666666666,25,0.8,1.0,0
1841586,1842698,0,2.4853397382384474,0.6666666666666666,25,0.8,1.0,0
1841586,1863950,0,2.4853397382384474,0.6666666666666666,25,0.8,1.0,0
1841600,1842114,5,2.164042561333445,0.6,16,0.75,1.0,5
1841600,1842133,0,2.164042561333445,0.6,16,0.75,1.0,0
1841619,1841635,0,2.4853397382384474,0.6666666666666666,25,0.8,1.0,0
1841619,1841707,0,2.4853397382384474,0.6666666666666666,25,0.8,1.0,0
1841619,1842707,0,2.4853397382384474,0.6666666666666666,25,0.8,1.0,0
1841619,1842744,0,2.4853397382384474,0.6666666666666666,25,0.8,1.0,0
1841621,1842690,2,2.4853397382384474,0.6666666666666666,25,0.8,1.0,2
1841621,1842698,0,2.4853397382384474,0.6666666666666666,25,0.8,1.0,0
1841621,1863950,2,2.4853397382384474,0.6666666666666666,25,0.8,1.0,2
1841635,1841707,0,2.4853397382384474,0.6666666666666666,25,0.8,1.0,0
1841635,1842707,0,2.4853397382384474,0.6666666666666666,25,0.8,1.0,0
1841635,1842744,0,2.4853397382384474,0.6666666666666666,25,0.8,1.0,0
1841643,1841670,0,3.366288428740915,0.7777777777777778,64,0.875,1.0,0
1841643,1841677,12,3.366288428740915,0.7777777777777778,64,0.875,1.0,12
1841643,1841687,12,3.366288428740915,0.7777777777777778,64,0.875,1.0,12
1841643,1842754,12,3.366288428740915,0.7777777777777778,64,0.875,1.0,12
1841668,1841674,4,2.164042561333445,0.6,16,0.75,1.0,4
1841668,1841733,4,2.164042561333445,0.6,16,0.75,1.0,4
1841670,1841677,0,3.366288428740915,0.7777777777777778,64,0.875,1.0,0
1841670,1841687,0,3.366288428740915,0.7777777777777778,64,0.875,1.0,0
1841670,1842754,0,3.366288428740915,0.7777777777777778,64,0.875,1.0,0
1841674,1841733,5,2.164042561333445,0.6,16,0.75,1.0,5
1841677,1841687,12,3.366288428740915,0.7777777777777778,64,0.875,1.0,12
1841677,1842754,12,3.366288428740915,0.7777777777777778,64,0.875,1.0,12
1841687,1842754,12,3.366288428740915,0.7777777777777778,64,0.875,1.0,12
1841696,1841948,5,2.4853397382384474,0.6666666666666666,25,0.8,1.0,5
1841696,1842085,5,2.4853397382384474,0.6666666666666666,25,0.8,1.0,5
1841696,1842093,5,2.4853397382384474,0.6666666666666666,25,0.8,1.0,5
1841696,1842999,7,2.4853397382384474,0.6666666666666666,25,0.8,1.0,7
1841696,1868155,7,2.4853397382384474,0.6666666666666666,25,0.8,1.0,7
1841707,1842707,3,2.4853397382384474,0.6666666666666666,25,0.8,1.0,3
1841707,1842744,3,2.4853397382384474,0.6666666666666666,25,0.8,1.0,3
1841718,1841839,2,2.164042561333445,0.6,16,0.75,1.0,2
1841718,1842863,0,2.164042561333445,0.6,16,0.75,1.0,0
1841718,1842893,2,2.164042561333445,0.6,16,0.75,1.0,2
1841731,1841843,6,2.7905531327562363,0.7142857142857143,36,0.8333333333333333,1.0,6
1841738,1842814,4,2.164042561333445,0.6,16,0.75,1.0,4
1841766,1841805,2,1.8204784532536746,0.5,9,0.6666666666666666,1.0,2
1841766,1841866,0,1.8204784532536746,0.5,9,0.6666666666666666,1.0,0
1841766,1841900,2,1.8204784532536746,0.5,9,0.6666666666666666,1.0,2
1841768,1842402,7,3.366288428740915,0.7777777777777778,64,0.875,1.0,7
1841768,1842428,7,3.366288428740915,0.7777777777777778,64,0.875,1.0,7
1841768,1842436,7,3.366288428740915,0.7777777777777778,64,0.875,1.0,7
1841768,1842482,7,3.366288428740915,0.7777777777777778,64,0.875,1.0,7
1841783,1841801,12,3.083390054218504,0.75,49,0.857142857142857,1.0,12
1841783,1841904,12,3.083390054218504,0.75,49,0.857142857142857,1.0,12
1841783,1842826,12,3.083390054218504,0.75,49,0.857142857142857,1.0,12
1841783,1842925,7,3.083390054218504,0.75,49,0.857142857142857,1.0,7
1841783,1842936,12,3.083390054218504,0.75,49,0.857142857142857,1.0,12
1841783,1842942,12,3.083390054218504,0.75,49,0.857142857142857,1.0,12
1841801,1841904,12,3.083390054218504,0.75,49,0.857142857142857,1.0,12
1841801,1842826,12,3.083390054218504,0.75,49,0.857142857142857,1.0,12
1841801,1842925,7,3.083390054218504,0.75,49,0.857142857142857,1.0,7
1841801,1842936,12,3.083390054218504,0.75,49,0.857142857142857,1.0,12
1841801,1842942,12,3.083390054218504,0.75,49,0.857142857142857,1.0,12
1841805,1841866,0,1.8204784532536746,0.5,9,0.6666666666666666,1.0,0
1841805,1841900,3,1.8204784532536746,0.5,9,0.6666666666666666,1.0,3
1841826,1841930,3,2.4853397382384474,0.6666666666666666,25,0.8,1.0,3
1841839,1842863,0,2.164042561333445,0.6,16,0.75,1.0,0
1841839,1842893,2,2.164042561333445,0.6,16,0.75,1.0,2
1841841,1841967,1,0.0,0.0,1,0.0,1.0,1
1841865,1841971,0,2.164042561333445,0.6,16,0.75,1.0,0
1841865,1842976,2,2.164042561333445,0.6,16,0.75,1.0,2
1841866,1841900,0,1.8204784532536746,0.5,9,0.6666666666666666,1.0,0
1841868,1841887,7,2.164042561333445,0.6,16,0.75,1.0,7
1841868,1843007,7,2.164042561333445,0.6,16,0.75,1.0,7
1841868,1843041,7,2.164042561333445,0.6,16,0.75,1.0,7
1841883,1841888,4,2.4853397382384474,0.6666666666666666,25,0.8,1.0,4
1841885,1841996,0,2.4853397382384474,0.6666666666666666,25,0.8,1.0,0
1841885,1842961,0,2.4853397382384474,0.6666666666666666,25,0.8,1.0,0
1841885,1842963,0,2.4853397382384474,0.6666666666666666,25,0.8,1.0,0
1841885,1861812,0,2.4853397382384474,0.6666666666666666,25,0.8,1.0,0
1841887,1843007,7,2.164042561333445,0.6,16,0.75,1.0,7
1841887,1843041,7,2.164042561333445,0.6,16,0.75,1.0,7
1841904,1842826,12,3.083390054218504,0.75,49,0.857142857142857,1.0,12
1841904,1842925,7,3.083390054218504,0.75,49,0.857142857142857,1.0,7
1841904,1842936,12,3.083390054218504,0.75,49,0.857142857142857,1.0,12
1841904,1842942,12,3.083390054218504,0.75,49,0.857142857142857,1.0,12
1841906,1842966,4,1.4426950408889634,0.3333333333333333,4,0.5,1.0,4
1841911,1842005,0,2.164042561333445,0.6,16,0.75,1.0,0
1841911,1842052,0,2.164042561333445,0.6,16,0.75,1.0,0
1841911,1843057,0,2.164042561333445,0.6,16,0.75,1.0,0
1841945,1841954,0,3.083390054218504,0.75,49,0.857142857142857,1.0,0
1841945,1841957,7,3.083390054218504,0.75,49,0.857142857142857,1.0,7
1841945,1841964,0,3.083390054218504,0.75,49,0.857142857142857,1.0,0
1841948,1842085,5,2.4853397382384474,0.6666666666666666,25,0.8,1.0,5
1841948,1842093,5,2.4853397382384474,0.6666666666666666,25,0.8,1.0,5
1841948,1842999,5,2.4853397382384474,0.6666666666666666,25,0.8,1.0,5
1841948,1868155,5,2.4853397382384474,0.6666666666666666,25,0.8,1.0,5
1841950,1841968,2,0.6213349345596119,0.25,6,0.2,0.5,2
1841950,1843097,2,0.6213349345596119,0.25,6,0.2,0.5,2
1841954,1841957,0,3.083390054218504,0.75,49,0.857142857142857,1.0,0
1841954,1841964,0,3.083390054218504,0.75,49,0.857142857142857,1.0,0
1841957,1841964,0,3.083390054218504,0.75,49,0.857142857142857,1.0,0
1841968,1843097,2,0.6213349345596119,0.3333333333333333,4,0.2,1.0,2
1841971,1842976,0,2.164042561333445,0.6,16,0.75,1.0,0
1841973,1843091,0,2.164042561333445,0.6,16,0.75,1.0,0
1841973,1843095,0,2.164042561333445,0.6,16,0.75,1.0,0
1841973,1861064,0,2.164042561333445,0.6,16,0.75,1.0,0
1841980,1872337,1,1.4426950408889634,0.3333333333333333,4,0.5,1.0,1
1841984,1841987,6,1.8204784532536746,0.5,9,0.6666666666666666,1.0,6
1841984,1842121,6,1.8204784532536746,0.5,9,0.6666666666666666,1.0,6
1841984,1843152,6,1.8204784532536746,0.5,9,0.6666666666666666,1.0,6
1841987,1842121,6,1.8204784532536746,0.5,9,0.6666666666666666,1.0,6
1841987,1843152,6,1.8204784532536746,0.5,9,0.6666666666666666,1.0,6
1841996,1842961,0,2.4853397382384474,0.6666666666666666,25,0.8,1.0,0
1841996,1842963,5,2.4853397382384474,0.6666666666666666,25,0.8,1.0,5
1841996,1861812,5,2.4853397382384474,0.6666666666666666,25,0.8,1.0,5
1842001,1842009,0,1.8204784532536746,0.5,9,0.6666666666666666,1.0,0
1842001,1868769,0,1.8204784532536746,0.5,9,0.6666666666666666,1.0,0
1842005,1842052,3,2.164042561333445,0.6,16,0.75,1.0,3
1842005,1843057,3,2.164042561333445,0.6,16,0.75,1.0,3
1842006,1842044,0,2.164042561333445,0.6,16,0.75,1.0,0
1842009,1868769,2,1.8204784532536746,0.5,9,0.6666666666666666,1.0,2
1842024,1842086,0,0.5138983423697507,0.16666666666666666,10,0.14285714285714285,0.5,0
1842024,1842094,0,0.5138983423697507,0.16666666666666666,10,0.14285714285714285,0.5,0
1842024,1842167,5,2.3779031460485864,0.6666666666666666,25,0.7428571428571429,1.0,5
1842024,1842169,5,2.3779031460485864,0.6666666666666666,25,0.7428571428571429,1.0,5
1842024,1842726,5,2.3779031460485864,0.6666666666666666,25,0.7428571428571429,1.0,5
1842024,1843192,5,2.3779031460485864,0.6666666666666666,25,0.7428571428571429,1.0,5
1842024,1872603,5,2.4853397382384474,0.5,35,0.8,1.0,5
1842043,1842050,0,2.0008056674402104,0.42857142857142855,24,0.6666666666666666,1.0,0
1842043,1842056,4,1.8375687735469761,0.6,16,0.5833333333333333,1.0,4
1842043,1842619,0,1.1162212531024944,0.4,12,0.3333333333333333,0.5,0
1842046,1842060,3,1.8204784532536746,0.5,9,0.6666666666666666,1.0,3
1842050,1842056,0,2.0008056674402104,0.42857142857142855,24,0.6666666666666666,1.0,0
1842050,1842619,0,1.4683498531780845,0.2857142857142857,18,0.5,1.0,0
1842052,1843057,4,2.164042561333445,0.6,16,0.75,1.0,4
1842056,1842619,0,1.1162212531024944,0.4,12,0.3333333333333333,0.5,0
1842079,1843047,8,3.366288428740915,0.7777777777777778,64,0.875,1.0,8
1842079,1843051,11,3.366288428740915,0.7777777777777778,64,0.875,1.0,11
1842079,1843084,8,3.366288428740915,0.7777777777777778,64,0.875,1.0,8
1842079,1843235,8,3.366288428740915,0.7777777777777778,64,0.875,1.0,8
1842079,1867354,11,3.366288428740915,0.7777777777777778,64,0.875,1.0,11
1842085,1842093,5,2.4853397382384474,0.6666666666666666,25,0.8,1.0,5
1842085,1842999,5,2.4853397382384474,0.6666666666666666,25,0.8,1.0,5
1842085,1868155,5,2.4853397382384474,0.6666666666666666,25,0.8,1.0,5
1842086,1842094,1,0.5138983423697507,0.3333333333333333,4,0.14285714285714285,1.0,1
1842086,1842167,0,0.5138983423697507,0.16666666666666666,10,0.14285714285714285,0.5,0
1842086,1842169,0,0.5138983423697507,0.16666666666666666,10,0.14285714285714285,0.5,0
1842086,1842726,0,0.5138983423697507,0.16666666666666666,10,0.14285714285714285,0.5,0
1842086,1843192,0,0.5138983423697507,0.16666666666666666,10,0.14285714285714285,0.5,0
1842086,1872603,0,1.4426950408889634,0.125,14,0.5,1.0,0
1842087,1843243,4,1.8204784532536746,0.5,9,0.6666666666666666,1.0,4
1842087,1865952,3,1.8204784532536746,0.5,9,0.6666666666666666,1.0,3
1842093,1842999,5,2.4853397382384474,0.6666666666666666,25,0.8,1.0,5
1842093,1868155,5,2.4853397382384474,0.6666666666666666,25,0.8,1.0,5
1842094,1842167,0,0.5138983423697507,0.16666666666666666,10,0.14285714285714285,0.5,0
1842094,1842169,0,0.5138983423697507,0.16666666666666666,10,0.14285714285714285,0.5,0
1842094,1842726,0,0.5138983423697507,0.16666666666666666,10,0.14285714285714285,0.5,0
1842094,1843192,0,0.5138983423697507,0.16666666666666666,10,0.14285714285714285,0.5,0
1842094,1872603,0,1.4426950408889634,0.125,14,0.5,1.0,0
1842095,1843043,0,1.4426950408889634,0.3333333333333333,4,0.5,1.0,0
1842109,1842117,5,1.8204784532536746,0.5,9,0.6666666666666666,1.0,5
1842109,1862519,5,1.8204784532536746,0.5,9,0.6666666666666666,1.0,5
1842114,1842133,0,2.164042561333445,0.6,16,0.75,1.0,0
1842117,1862519,5,1.8204784532536746,0.5,9,0.6666666666666666,1.0,5
1842121,1843152,6,1.8204784532536746,0.5,9,0.6666666666666666,1.0,6
1842124,1842126,0,2.164042561333445,0.6,16,0.75,1.0,0
1842124,1842143,0,2.164042561333445,0.6,16,0.75,1.0,0
1842124,1843015,0,2.164042561333445,0.6,16,0.75,1.0,0
1842126,1842143,5,2.164042561333445,0.6,16,0.75,1.0,5
1842126,1843015,5,2.164042561333445,0.6,16,0.75,1.0,5
1842129,1842274,6,2.7905531327562363,0.7142857142857143,36,0.8333333333333333,1.0,6
1842129,1842277,6,2.7905531327562363,0.7142857142857143,36,0.8333333333333333,1.0,6
1842129,1842288,6,2.7905531327562363,0.7142857142857143,36,0.8333333333333333,1.0,6
1842129,1843289,6,2.7905531327562363,0.7142857142857143,36,0.8333333333333333,1.0,6
1842143,1843015,5,2.164042561333445,0.6,16,0.75,1.0,5
1842144,1872630,4,2.164042561333445,0.6,16,0.75,1.0,4
1842167,1842169,8,2.3779031460485864,0.6666666666666666,25,0.7428571428571429,1.0,8
1842167,1842726,8,2.3779031460485864,0.6666666666666666,25,0.7428571428571429,1.0,8
1842167,1843192,8,2.3779031460485864,0.6666666666666666,25,0.7428571428571429,1.0,8
1842167,1872603,5,2.4853397382384474,0.5,35,0.8,1.0,5
1842169,1842726,8,2.3779031460485864,0.6666666666666666,25,0.7428571428571429,1.0,8
1842169,1843192,8,2.3779031460485864,0.6666666666666666,25,0.7428571428571429,1.0,8
1842169,1872603,5,2.4853397382384474,0.5,35,0.8,1.0,5
1842195,1843220,3,1.8204784532536746,0.5,9,0.6666666666666666,1.0,3
1842255,1842259,3,1.8204784532536746,0.5,9,0.6666666666666666,1.0,3
1842255,1842267,3,1.8204784532536746,0.5,9,0.6666666666666666,1.0,3
1842259,1842267,5,1.8204784532536746,0.5,9,0.6666666666666666,1.0,5
1842274,1842277,6,2.7905531327562363,0.7142857142857143,36,0.8333333333333333,1.0,6
1842274,1842288,6,2.7905531327562363,0.7142857142857143,36,0.8333333333333333,1.0,6
1842274,1843289,6,2.7905531327562363,0.7142857142857143,36,0.8333333333333333,1.0,6
1842277,1842288,6,2.7905531327562363,0.7142857142857143,36,0.8333333333333333,1.0,6
1842277,1843289,6,2.7905531327562363,0.7142857142857143,36,0.8333333333333333,1.0,6
1842281,1843301,0,1.4426950408889634,0.3333333333333333,4,0.5,1.0,0
1842288,1843289,6,2.7905531327562363,0.7142857142857143,36,0.8333333333333333,1.0,6
1842319,1865064,1,0.0,0.0,1,0.0,1.0,1
1842320,1842367,4,2.164042561333445,0.6,16,0.75,1.0,4
1842320,1872332,4,2.164042561333445,0.6,16,0.75,1.0,4
1842356,1843229,6,1.8204784532536746,0.5,9,0.6666666666666666,1.0,6
1842356,1843394,6,1.8204784532536746,0.5,9,0.6666666666666666,1.0,6
1842357,1842359,2,1.4426950408889634,0.3333333333333333,4,0.5,1.0,2
1842357,1861180,2,1.4426950408889634,0.3333333333333333,4,0.5,1.0,2
1842359,1861180,2,1.4426950408889634,0.3333333333333333,4,0.5,1.0,2
1842365,1842456,11,3.083390054218504,0.75,49,0.857142857142857,1.0,11
1842367,1872332,5,2.164042561333445,0.6,16,0.75,1.0,5
1842394,1842407,4,2.164042561333445,0.6,16,0.75,1.0,4
1842402,1842428,7,3.366288428740915,0.7777777777777778,64,0.875,1.0,7
1842402,1842436,7,3.366288428740915,0.7777777777777778,64,0.875,1.0,7
1842402,1842482,10,3.366288428740915,0.7777777777777778,64,0.875,1.0,10
1842428,1842436,7,3.366288428740915,0.7777777777777778,64,0.875,1.0,7
1842428,1842482,7,3.366288428740915,0.7777777777777778,64,0.875,1.0,7
1842436,1842482,7,3.366288428740915,0.7777777777777778,64,0.875,1.0,7
1842454,1842540,4,1.4426950408889634,0.3333333333333333,4,0.5,1.0,4
1842460,1842471,5,3.083390054218504,0.75,49,0.857142857142857,1.0,5
1842460,1842475,0,3.083390054218504,0.75,49,0.857142857142857,1.0,0
1842460,1842483,0,3.083390054218504,0.75,49,0.857142857142857,1.0,0
1842460,1873257,5,3.083390054218504,0.75,49,0.857142857142857,1.0,5
1842471,1842475,0,3.083390054218504,0.75,49,0.857142857142857,1.0,0
1842471,1842483,0,3.083390054218504,0.75,49,0.857142857142857,1.0,0
1842471,1873257,5,3.083390054218504,0.75,49,0.857142857142857,1.0,5
1842475,1842483,1,3.083390054218504,0.75,49,0.857142857142857,1.0,1
1842475,1873257,0,3.083390054218504,0.75,49,0.857142857142857,1.0,0
1842479,1842584,3,1.8204784532536746,0.5,9,0.6666666666666666,1.0,3
1842479,1842586,5,1.8204784532536746,0.5,9,0.6666666666666666,1.0,5
1842483,1873257,0,3.083390054218504,0.75,49,0.857142857142857,1.0,0
1842524,1842565,2,1.4426950408889634,0.3333333333333333,4,0.5,1.0,2
1842582,1842604,0,1.4426950408889634,0.3333333333333333,4,0.5,1.0,0
1842582,1842703,2,1.4426950408889634,0.3333333333333333,4,0.5,1.0,2
1842584,1842586,3,1.8204784532536746,0.5,9,0.6666666666666666,1.0,3
1842604,1842703,0,1.4426950408889634,0.3333333333333333,4,0.5,1.0,0
1842690,1842698,0,2.4853397382384474,0.6666666666666666,25,0.8,1.0,0
1842690,1863950,3,2.4853397382384474,0.6666666666666666,25,0.8,1.0,3
1842698,1863950,0,2.4853397382384474,0.6666666666666666,25,0.8,1.0,0
1842707,1842744,3,2.4853397382384474,0.6666666666666666,25,0.8,1.0,3
1842726,1843192,8,2.3779031460485864,0.6666666666666666,25,0.7428571428571429,1.0,8
1842726,1872603,5,2.4853397382384474,0.5,35,0.8,1.0,5
1842826,1842925,7,3.083390054218504,0.75,49,0.857142857142857,1.0,7
1842826,1842936,12,3.083390054218504,0.75,49,0.857142857142857,1.0,12
1842826,1842942,12,3.083390054218504,0.75,49,0.857142857142857,1.0,12
1842863,1842893,0,2.164042561333445,0.6,16,0.75,1.0,0
1842925,1842936,7,3.083390054218504,0.75,49,0.857142857142857,1.0,7
1842925,1842942,7,3.083390054218504,0.75,49,0.857142857142857,1.0,7
1842936,1842942,12,3.083390054218504,0.75,49,0.857142857142857,1.0,12
1842961,1842963,0,2.4853397382384474,0.6666666666666666,25,0.8,1.0,0
1842961,1861812,0,2.4853397382384474,0.6666666666666666,25,0.8,1.0,0
1842963,1861812,5,2.4853397382384474,0.6666666666666666,25,0.8,1.0,5
1842999,1868155,7,2.4853397382384474,0.6666666666666666,25,0.8,1.0,7
1843007,1843041,7,2.164042561333445,0.6,16,0.75,1.0,7
1843047,1843051,8,3.366288428740915,0.7777777777777778,64,0.875,1.0,8
1843047,1843084,8,3.366288428740915,0.7777777777777778,64,0.875,1.0,8
1843047,1843235,8,3.366288428740915,0.7777777777777778,64,0.875,1.0,8
1843047,1867354,8,3.366288428740915,0.7777777777777778,64,0.875,1.0,8
1843051,1843084,8,3.366288428740915,0.7777777777777778,64,0.875,1.0,8
1843051,1843235,8,3.366288428740915,0.7777777777777778,64,0.875,1.0,8
1843051,1867354,11,3.366288428740915,0.7777777777777778,64,0.875,1.0,11
1843084,1843235,8,3.366288428740915,0.7777777777777778,64,0.875,1.0,8
1843084,1867354,8,3.366288428740915,0.7777777777777778,64,0.875,1.0,8
1843091,1843095,0,2.164042561333445,0.6,16,0.75,1.0,0
1843091,1861064,0,2.164042561333445,0.6,16,0.75,1.0,0
1843095,1861064,0,2.164042561333445,0.6,16,0.75,1.0,0
1843192,1872603,5,2.4853397382384474,0.5,35,0.8,1.0,5
1843195,1863637,4,1.4426950408889634,0.3333333333333333,4,0.5,1.0,4
1843229,1843394,6,1.8204784532536746,0.5,9,0.6666666666666666,1.0,6
1843235,1867354,8,3.366288428740915,0.7777777777777778,64,0.875,1.0,8
1843243,1865952,3,1.8204784532536746,0.5,9,0.6666666666666666,1.0,3
1863263,1863281,0,2.164042561333445,0.6,16,0.75,1.0,0
1865497,1871118,0,2.2982992855820874,0.6666666666666666,25,0.7,1.0,0
1865497,1872692,3,2.2982992855820874,0.6666666666666666,25,0.7,1.0,3
1867735,1872559,3,1.8204784532536746,0.5,9,0.6666666666666666,1.0,3
1871118,1872692,0,2.2982992855820874,0.6666666666666666,25,0.7,1.0,0
